{
    "busojY8idQiPvbTizab5XX1zEvjyvtN7dpg91vqWHKtbTQT":139999.999945,
    "fYUvxTio42vAEWz3b34D53eFCYv7Vo9RmfaZa4jXsbG7T8E":5099.9999480001,
    "gt4uPhEcGmCkK2qSar7dr1FxnGB5pGZP1MAEtxcfVn1Hfps":3399.944064730001,
    "dYXPc3UUVNRYE57f8ompyw977L3JVdthESYvS1aCLkBb7Ak":40000,
    "dTY64gaE1T97tUvsd54Lyhz74UzeRZnjZSP1qmhNmcuJGTA":9999.9999,
    "g7fFcW2gep14JxUEDHVjk3AZ7L4RbXSKDPZW3hdrjmCDmeo":11914999.999900002,
    "dVLYkm2vWy12mBs7VsoLj34EvyrQGx9Wj79EUNwXcV5C17D":5000,
    "bzph7P4eEojzjszmNJP5VyKaTXdXgpcBNuN3uGjeXrPMHJM":7442200.000000001,
    "eVptEz5wZ69o75DooqW9AKnARShP8MhatG5WxNKdDmF7Ay9":6080000,
    "c8kBLWWEer4JzFbN9NTcjATYhTaKKvV2hXGfHNgMQZJywAm":15740000,
    "gfGX1Ahda1mcisW6bMxk77wip7TVkzfgQtciwya7C2PdP2e":750000,
    "gwZA2Gk9bbfYrYFzpKSeXMVY6Vt67mB5zwyP9zXvy9HZrFL":13415000,
    "coxJnDsQKWs4bVpEKsFQk4yMeMgejedWJXEBJ8gt5i9eyLd":1460092.0000000023,
    "h2Uyw7S1m3W6btFBps7AyA71BhqNKzC7bT3XUSydJdWpgAJ":74000,
    "cs2FvYS55AYzsX2SEGYES6k2DPZvS2ri1pWgTFq9UQ3dwi5":4265000,
    "fhxLTwZCAtZXMpiexVERZpuUWr8dDkRAXjK5DDVRqryvUuD":14589199.999999998,
    "e89YV362WuTYEh4YNUCsrMmzVSS7yS6o8kFvNDqpkPSdVCS":1429800,
    "byBN3CgBVWrbTn96ZqmmrSZybRdmzWqj5kCGmPrxsviVPrt":4200000.000000001,
    "cgKvSEcy3ifdDYEBsSkUettgHC3JfJgvFeLhT3B4Q3tX4Vu":180000,
    "frXqAFVMs4AG3ybUkyusBcZ4LB1XjejiRN6WFZXx1t9umEA":3160999.9973000004,
    "dpsneDqxeodkUXwHT7SJAa283do5W6yeooQocFAt5GxGiis":746000,
    "hSZ7V85R6yZxS956J3WzUs9dHoqCAynENmWADt5mzxXGFdq":7282867,
    "bnrnTFsoKdt7opEKgWA9LtQoPXAvk9NVE3zkjJPCfeUZN2W":42939.95607139,
    "dDZ8RvMaeXRnkCaH4Zi6RMmmMS7vtcmsEjisv9arRFZVqxd":5499.999999999999,
    "eDRWJKFen1SMsB91T4vTfEZCTkWbkE8iXVr7qS2BichRT8a":4350000.000000001,
    "eG4RhkEewisYDgFrD3h4836s9HwzxiCG44w2kUP9b2uY6Vr":99.999999999999,
    "gPhra8tRMzo3CK6ABypFkDxTKnVsrFoWpA79tiDH21RaaFe":5278000,
    "cVqNj7Wt7ucmeHMzkyf3Lg5urwf1Es9v5EBAozA84AJTjew":10230000,
    "fDJ3aAgKvVQiXrbp2ARD1FGWPHnaKjJryQqG31KE3GE2RtM":284999.99999999994,
    "f2Y2doE5q4kfqsd4JhwiagkZQaWdFE61cQK5VLcJggb4oWq":557000,
    "dAxJvG7MeMD65BzwdVroPfifTFR9BaDSoK1F66HxfUDk7Pk":32100,
    "dMy6s1mM4E7Nxgc7PMXFzGtcUjCB4fHBva6v1WURC7ejJ78":37300,
    "hHgdbnKFkkgqjdi9rMbUj3mFMCgLNSwY5LHbY5phVurnYYR":47700,
    "e6ah4evvBWsZ28QkRJeBmYe8Y13vwt35Q8Gsopzsd8ENNzp":53200,
    "czs5z1nog1XWhyPMHcGLkoinhrKN5QXdgfEYoqGug3dn39T":63599.99999999999,
    "fuWGKBKvfMx7928sefQZzrxjkGV2aWrSo6v7dikBio6z8xX":120000,
    "d3XtnnrBvFGHUzDb6qAEKn9XYiCkYhsCH8T29UwHtiJ3Haf":32100,
    "gyNAdhTvqC7R61H6a2QhUvHkB19CLrLfaNnLKMRGnmve1z2":30059.999999999996,
    "fdCXTBnCs1oYKrtyRmtheBUV1J2AE4zJirxRS7cF9qKH8Am":213900,
    "cGkbGo6HccbWbsEWV97oiXASXF8GkAo19ngRvd2X1BzBfh7":3496.633694086144,
    "eE2skRp3FRFdtBTiKfcJoqdt1e3tfoHsy2Tx1oUyV74em2M":25071.020159601812,
    "cpAVFDXUd4MXoEhcqVEYuay7Djtvxp4mibChzUoTL5qGbf1":9988.909128886313,
    "eVwRE6VWTqCtjpbgR25pk97XSqs9JRhSk4JPHxWj6xreEo2":999.999999999999,
    "dm9UbqHG4PgNyH7qNX98aW7hCZkEWmLYmdy7R8TjowHeTQy":4804200,
    "c6gz5Ti7fzC8ADpUKN1LHiM73K3YpJX17P9cyh31ZQVmuzu":10000,
    "eMW5K36pT1J2A9JRu6eKgDgwoyf78TbUctPfBWqrjoLSdCi":9500,
    "gPYJ1vs68gAxYbpFir6k6fUabmzQMCa1TMBE52fFrU6PGSV":999.999999999999,
    "cYhxfchJx9wYWhttYXzcq1q6nNipZBNGJqaibd2zgmhLJ26":120000,
    "fVevzLVpVGkYTi1xJMN9TduP7GexjZk69MS9W54gF3G6UNh":10000,
    "h9gn7ghicFX7wGMg5E5ztnzCM1iJY42sUX1JJBGh2a5uZq8":10025000,
    "dDoid5nkKhy6LTvNNTrQdeixbLbv2DeenAhzfVjfyeDrD3P":999.999999999999,
    "cdW5A3ongk7bhCsUnG4ahhq2NEUjKZVxLz9J7BsCyq3UrtP":200000,
    "fDRq1P3QfG6tmWYeKicqYYAvLTLXyKnNV2M5LjQH2v5ZxPx":11221000,
    "eQZdqj1gNgh3LQCZeKpMijDX7guqYeZh3mXpQKLutqxbm7x":400,
    "bq8aKuUxZtsLStCfP9m5W8hKCgmzxw9p3MUzsHkVuscXYE1":3060000.0000000005,
    "byNUwLqoPoXxL7LoVCo23r3nvLzcpLFCHndmdDC6a89nNXv":10000
}